<?xml version="1.0" encoding="UTF-8" ?>
<extension type="module" version="{{version_joomla}}" method="upgrade">
	<name>mod_xtrmexample</name>
	<version>4.0.01.03.1362219</version>
	<creationDate>16 May. 2019</creationDate>
	<author>shim-sao</author>
	<authorName>shim-sao</authorName>
	<authorEmail>contact@xtrmaddons.com</authorEmail>
	<authorUrl>https://github.com/shim-sao/</authorUrl>
	<packager>xtrmaddons.com</packager>
	<packagerurl>https://www.xtrmaddons.com/</packagerurl>
	<copyright>Copyright 2019-2019 XtrmAddons.com. All rights reserved.</copyright>
	<license>https://www.gnu.org/licenses/gpl-3.0.html GNU/GPL</license>
	<description>MOD_XTRMEXAMPLE_XML_DESCRIPTION</description>

	<!-- Set module namespace -->
	<namespace>Joomla\Module\XtrmExample</namespace>

	<!-- Runs on install/uninstall/update -->
	<scriptfile>script.php</scriptfile>

	<!-- Set help -->
	<help key="JHELP_EXTENSIONS_MODULE_MANAGER_XTRMEXAMPLE" />

	<!-- Main File Copy -->
	<files>
		<folder>Helper</folder>
		<folder>tmpl</folder>
		<filename module="mod_xtrmexample">mod_xtrmexample.php</filename>
		<filename>mod_xtrmexample.xml</filename>
	</files>

	<!-- Language File Copy -->
	<languages folder="language">
		<language tag="en-GB">en-GB/en-GB.mod_xtrmexample.ini</language>
		<language tag="en-GB">en-GB/en-GB.mod_xtrmexample.sys.ini</language>
		<language tag="fr-FR">fr-FR/fr-FR.mod_xtrmexample.ini</language>
		<language tag="fr-FR">fr-FR/fr-FR.mod_xtrmexample.sys.ini</language>
	</languages>

	<!-- Media files -->
	<media folder="media" destination="mod_xtrmexample">
		<folder>css</folder>
		<folder>image</folder>
		<folder>js</folder>
	</media>

	<!-- Configuration of the module -->
	<config>
		<!-- Basic parameters of the module -->
		<fields name="params">
			<fieldset name="basic">
			</fieldset>
		
			<!-- Advanced parameters of the module -->
			<fieldset name="advanced">
				<field
					name="tag_id"
					type="text"
					description="MOD_XTRMEXAMPLE_FIELD_TAG_ID_DESC"
					label="MOD_XTRMEXAMPLE_FIELD_TAG_ID_LABEL"
				/>

				<field
					name="class_sfx"
					type="text"
					description="MOD_XTRMEXAMPLE_FIELD_CLASS_DESC"
					label="MOD_XTRMEXAMPLE_FIELD_CLASS_LABEL"
				/>

				<field
					name="layout"
					type="modulelayout"
					label="JFIELD_ALT_LAYOUT_LABEL"
					class="custom-select"
				/>

				<field
					name="moduleclass_sfx"
					type="textarea"
					label="COM_MODULES_FIELD_MODULECLASS_SFX_LABEL"
					rows="3"
				/>

				<field
					name="cache"
					type="list"
					label="COM_MODULES_FIELD_CACHING_LABEL"
					default="1"
					filter="integer"
					>
					<option value="1">JGLOBAL_USE_GLOBAL</option>
					<option value="0">COM_MODULES_FIELD_VALUE_NOCACHING</option>
				</field>

				<field
					name="cache_time"
					type="number"
					label="COM_MODULES_FIELD_CACHE_TIME_LABEL"
					default="900"
					filter="integer"
				/>

				<field
					name="cachemode"
					type="hidden"
					default="itemid"
					>
					<option value="itemid"></option>
				</field>
			</fieldset>
		</fields>
	</config>

	<!-- Extension Update Specification -->
	<updateservers>
		<server name="XtrmAddons - Module Xtrm Example Update" priority="1" type="extension">https://github.joomla.mod_xtrmexample.xtrmaddons.com/download/release/update-4.0.xml</server>
	</updateservers>
</extension>